2.552289534465353449e-01,-2.329394021156063199e-01,-7.846692945327428392e-02,-2.334733601006975245e-01,9.935190355375216331e-01,6.063133386858684387e-02,-4.614755218958649374e-01,4.786524013485201623e-01,-5.430418803546510631e-01
-2.593225412741770319e-01,9.500692130705192806e-01,2.698329358025685631e-01,-5.630998983871696728e-01,5.262730630341474480e-01,1.128420172242885267e+00,5.835747149647054766e-01,-6.923429003761533140e-01,-1.747749341684910473e-01
4.461036517147810021e-01,-1.979007398496464842e-01,-2.205593141820512137e-01,-7.017604608964637947e-02,-1.083610755697854033e+00,-6.902457389242239172e-01,7.507869514579137427e-01,8.898336675948947949e-01,-5.716816894031052920e-02
-1.200845412986551869e-01,4.228059031895768372e-01,2.894575318080735427e-01,-1.131572126109753051e-01,6.469908096218093263e-01,-4.732058090798487715e-01,3.752936983608705646e-01,3.638765121784118817e-01,-8.744727613930740329e-02
4.403470343550472954e-01,3.899624178708627209e-01,1.148847630722828361e+00,-8.666885628526775631e-02,1.767954761216823656e-01,1.919120822008021365e-01,8.559469350038437785e-01,1.957251243099114579e-02,2.067311221629442586e-01
-3.099899051447811416e-01,3.507894187449193263e-02,2.315292468850516650e-01,2.278266394672053829e-01,2.781084734155525595e-01,8.740036401582387260e-01,2.939152257706343363e-01,-5.493026393244067329e-02,5.491917388402071110e-01
5.343166511481211023e-01,-6.162825390259317748e-01,-4.522597940969011465e-02,-5.178998035966484448e-01,-8.338334313437744116e-01,3.378880421549240176e-01,4.467343421966337158e-01,-2.210984644219321227e-01,-1.228364288818047489e+00
3.251315535174024163e-01,-7.141108497774182329e-01,-1.973643638598722161e-01,4.642943004081900304e-01,-5.599826595167796128e-01,2.139408900327401386e-01,-6.111288797614420343e-01,3.003769828600185710e-01,4.934139213732599560e-02
-3.089596927134262150e-01,2.267059186391637560e-01,7.373437673811165105e-01,-8.704677067817057079e-01,1.246316725428097266e-01,-1.294791165735641181e-02,4.027886375600902014e-01,1.737168777435738054e-01,-3.088659402720376201e-01
-3.415102497077714405e-01,3.966570727374441052e-01,5.358191730670396336e-01,-7.367458463714838812e-01,-3.143281850848017034e-01,-3.175371362632026240e-01,-4.029173841070299300e-01,4.817715469000249939e-01,-2.987876114978044173e-02
-2.332957172656451583e-01,-8.663537180344716981e-01,5.706729530893640545e-01,-2.753988252622363575e-01,4.622290190418214539e-01,-9.181358736880648186e-01,5.132148467425295957e-01,-5.386698323638914321e-01,4.322983944420575875e-01
-5.048766307537497222e-02,-3.251663843210700344e-01,-2.785542423683877722e-01,-3.913796966163974322e-01,-3.491946976909561795e-01,3.312705838227537197e-02,-2.911636341153309160e-01,4.077423431768545381e-01,8.103396109506275646e-01
-5.498403243811494923e-01,3.425715325794237986e-01,3.792368506728230337e-01,-2.819645501428643675e-01,3.574348013717014716e-01,1.966424277540700927e-01,-2.029994603679112775e-01,-4.378559292322717900e-01,-9.148911897385171299e-01
7.603339183540982482e-01,-1.263456265227835829e-01,2.576595766068191518e-01,1.367936273898050226e-01,-9.991180103427378389e-01,4.502685974099487343e-01,1.738634280714673186e-01,3.202994354548668321e-01,2.029284232457493786e+00
3.520286293828754909e-01,2.911354496572994832e-01,-8.690746368447995751e-01,-5.150584180375634702e-01,-7.573575878110044846e-02,-8.459644317115244672e-02,-5.389048364528173929e-01,2.603229314037995290e-01,1.915706551495383325e-01
-2.292199260022120821e-01,-4.806656276883909951e-01,4.827916263208925640e-01,5.223017427361970055e-01,-7.074487621724202535e-01,8.603353423470219141e-01,3.524516791690903150e-01,7.652133219629819738e-01,-6.056475705710838708e-01
7.982498313312913485e-01,-4.908104149393507365e-01,4.706667974453578041e-02,-2.007478398092713556e-01,-7.189500642254706975e-01,2.383343406187032887e-01,1.320757857681953640e+00,-8.550593644982662500e-01,4.883952684107470410e-02
7.163113304626032019e-01,3.969090646344375362e-01,-2.119029826428817098e-01,5.654698275419223208e-01,-1.842277924473480766e-01,-3.264444348760282000e-01,-3.152940026790619354e-01,-8.209767994212237019e-01,3.003290122729334599e-01
-2.100951181970851511e-01,1.025728275118662491e+00,-3.233023784376745646e-01,-7.805864498642149929e-01,-1.716265617301600543e-01,-9.237389110779892221e-01,4.395549610739223900e-01,-9.685363730492811962e-01,7.823430594127395166e-02
-1.363876565350172765e+00,-3.649888002947645482e-01,-4.995901345284161632e-01,-6.473353282372334982e-02,-2.055868199234786864e-01,4.623585964541948590e-01,-8.662314054259291352e-01,8.618263002495840652e-02,3.426054890660548136e-01
-3.593094416640986721e-01,1.140952835208823013e-01,-1.785611345111639270e-01,-8.277265880174939916e-01,-1.052381123930453466e+00,1.761946383390331772e-01,-2.179260705676859533e-01,-2.136921992070862086e-01,4.107850347272942182e-01
4.494733845480483603e-02,-7.461336321806476546e-01,-5.246842739131506173e-02,-6.208523213627951953e-02,3.755297932524349624e-01,8.500452492704108076e-02,3.739264566100497511e-01,4.139428558887621179e-01,1.139687554271107128e+00
4.342995401196630967e-02,1.350633314352869541e-01,-1.994704347324522398e-01,1.600025489466048834e+00,7.416535477971827328e-01,-5.606760613249126557e-01,1.780295501530095581e-01,-2.424076679830090009e-01,-4.456440132780358221e-01
3.134882457725944316e-01,1.032373830994152697e-01,-2.958145369336939723e-01,-8.494023888952491053e-01,-2.919086847533041151e-01,-6.350015613958382987e-01,9.130290004398133874e-01,3.423006691596071349e-03,-1.119813439505565195e-01
-3.654907494514746946e-01,-3.191445488326731805e-01,-4.290299799152005322e-01,-7.586462018868478374e-02,6.772028475272667825e-01,-3.422073285952126898e-01,1.545784893674396199e-01,-2.680041765154890232e-01,-6.981353708789554691e-02
6.620028828841108270e-02,-2.994642932800521684e-02,4.675956413148593671e-03,7.057088206880226533e-01,-3.149068760734545225e-01,7.174326675343087878e-01,1.649270330714781296e-01,-2.053092474025047798e-02,1.310129522793960000e+00
1.602022787831695327e-01,5.011508806614083100e-02,-4.291378405558192721e-01,3.643497844260830398e-02,-5.574881759218508481e-01,7.545481716975827036e-01,-6.189228035785031556e-01,-3.883038879924768927e-02,-4.620730194293977133e-01
6.703637620803633013e-01,2.274141008265772035e-01,-2.376845066540396734e-01,5.462925481232993041e-01,5.881397363416904223e-02,4.013646265975978622e-01,-1.018429178839615368e+00,2.819268395914721337e-01,-2.608563832470000010e-01
6.414213443139117343e-01,4.633621256177161696e-02,6.971486513650339001e-01,5.993609780776963936e-01,-4.803292108061715249e-01,-2.790341912731556517e-01,5.366298485673277607e-01,-1.298445146750478063e+00,-1.686614285900160659e-02
2.105133889303355821e-01,-1.615801441140096995e-01,1.482830199829318907e-01,2.770310419873125984e-01,8.133481788864325990e-03,-8.445873765932668809e-01,2.230237335974286639e-01,2.395688875338718160e-01,-2.827980004192995889e-01
7.844577021999564748e-01,-2.387681886376872842e-01,2.767705501165197424e-01,-7.273316339059467950e-01,2.853474556407327167e-01,-1.399507838657234604e-01,-3.244681757077103601e-01,-3.234411623932912372e-01,-1.400645235734200300e-01
2.943242106124129287e-01,1.321168506878540150e+00,-4.405923385447040319e-01,-5.040048609604362850e-01,-3.212285853304015504e-01,7.227550892516525216e-02,-8.066811777681143214e-01,6.737385811536800162e-02,9.029784347209868223e-01
-4.724141060010790538e-02,8.584526202022721986e-01,-9.847280428147829889e-01,6.585513632130725048e-01,-4.127550367194349201e-01,-6.303976091120317982e-01,6.456135133454444786e-01,4.215913319581584551e-01,6.829022984194232926e-01
5.786791472789903912e-01,4.867602201226862713e-01,4.725953634612956034e-02,-1.422083458977788428e+00,-2.658221188202254948e-01,-2.579171707987538698e-01,-4.340861525751009142e-01,1.161626629402896099e-01,-1.544398918762291961e-01
-3.333999007466322273e-01,-3.457636451523459775e-01,-1.950900845131843808e-01,9.268341755376741098e-01,1.256822698172934016e+00,1.630072621230414243e-01,-1.779798255772750415e-01,-5.342095829385349326e-01,2.886743971075053095e-01
-7.541971100345075119e-01,2.400508944119350840e-01,1.369728350680710360e-01,8.250943817875571185e-01,1.754642049934843073e-01,-1.483525657264770370e-01,5.462395808013671000e-02,1.125800654769058828e-01,-7.821535695404897570e-01
4.559014298988988134e-01,5.410264422103510107e-01,5.754308053165334974e-02,-6.546478802348832948e-01,5.420507710623803099e-01,-8.207173574783094283e-02,-6.417755855401963139e-01,7.291339988455065591e-01,1.102818807316529259e+00
4.138051072715523970e-01,-3.241334815505649836e-01,-4.328231682390965007e-03,-2.192424433072994172e-01,6.843962363214077804e-01,1.837190223375579357e-01,-3.396138154240331275e-01,-1.829096108074412808e-01,6.130627615765948946e-01
2.370287988078929597e-01,-2.427674664892846002e-01,-5.748420355230549061e-01,2.498158544034474737e-01,-6.726749913093764410e-03,8.389319370038963442e-01,-1.210945448933073154e-01,-3.668314792051998730e-01,4.997577966204500566e-01
9.273995776963235294e-01,-1.203224213000187337e+00,-3.331294192631710227e-01,-1.782621326457883848e-01,3.421159085360002683e-01,1.606126318102560346e-01,-3.215330554909365257e-02,4.525520787902800879e-02,-4.377568393721848472e-01
2.186241568348197828e-01,3.088996308273829206e-01,-5.718249205166320293e-01,-1.407081331828354820e-01,-2.523407732347863752e-01,-1.926377646018274103e-01,5.224998656442145784e-01,4.039535198710145214e-01,4.114051069649836412e-02
1.966603110792326803e-02,-4.657889192384867538e-02,4.984896280263848567e-01,2.612532746974796649e-01,-5.142258321951382882e-01,1.463797896986827191e-02,-1.174922311026851962e-01,-8.221753830060144486e-01,-2.950462224658735311e-01
-9.135996725653243722e-01,9.430100301134051177e-01,-1.676058194105707888e-01,7.971751917889962069e-01,6.886073650099846510e-01,-4.511156697000368032e-01,5.659846446080862847e-01,-2.763317615219645362e-01,-8.839599268066287152e-01
6.462466153700351379e-01,-1.914484769507572848e-01,1.830834819948068959e-01,1.533324271996303612e-01,2.613651546359087308e-02,-1.676719844398480985e-01,2.448864059870415333e-01,-4.144234388096012522e-01,-5.560585980323126121e-01
5.442219260207825648e-01,-6.245551691531301408e-01,-4.896434662075220823e-01,-4.755529095770231751e-01,3.868935403188853428e-01,-5.944561492735691566e-01,-1.176037940673471671e-01,2.752603626221590272e-01,1.482609098551353893e-02
-7.018707890588397891e-02,3.912331604855792677e-01,3.209721127320832590e-01,-3.056664447627548964e-01,-3.759167045857243483e-01,3.755516452276044803e-01,-3.140707565300063786e-01,7.705761939119555592e-02,1.089809677882842276e-01
-2.879409831873304404e-02,-8.199665912507382304e-01,-1.503204925517088730e-01,6.338225495919436181e-02,-3.810317918783313051e-01,-1.822162462985854881e-01,-6.578330452217644453e-01,8.481942639349895896e-02,5.741281796487694988e-01
3.145320419805558987e-01,-6.393047402033846804e-01,9.278393768695029076e-01,-3.417086249400246856e-01,-6.640631987324521757e-02,2.107327194636455792e-01,-2.372482044059676665e-01,1.171295293478789024e-01,3.331058659064701222e-01
2.054688832054128167e-01,2.439998815422889100e-01,-1.403684796299855264e-01,-9.503247106385973031e-02,-1.408222561153280594e-01,4.045807785870374207e-03,4.623098150703701115e-01,2.126805758051279194e-01,2.947002595268043978e-01
3.791376130900554059e-02,-2.762081331059515477e-01,2.978705224022467624e-01,-3.127318782445590584e-01,1.570170344924121109e-01,-6.222368333304556520e-03,1.513277105909879294e-01,-1.860062019675277345e-01,-1.256786562057718992e-01
-6.653460498424956793e-01,2.256511805883220090e-01,1.655145731471030501e-01,-2.585826071471831744e-01,3.298459058193785043e-01,-7.907670789994102334e-01,5.383496945681947032e-01,-3.959948083977155586e-01,-4.494060033301246482e-01
-5.943459410039077240e-03,6.609347408085566311e-01,-8.661320974728584088e-02,6.839262525287153061e-01,-9.544299842712426762e-03,-3.874811662527115064e-01,3.819360221173584424e-01,-1.100847222924659918e-01,3.525006802880529810e-01
9.805962712062796238e-02,-7.997089486090258603e-02,1.027570654589856913e-01,6.848661453907983754e-01,-2.088104045697834754e-02,-5.399629910120516962e-01,-3.942891262024993820e-02,-1.908081531339828885e-01,7.533432626772340601e-01
-1.359400602889889731e+00,-1.116464381932878447e-01,6.941494805603427576e-01,-2.452862537757424244e-01,9.218189505448142196e-01,7.825264555345992079e-01,-1.939832088375569585e-01,-2.109998621482348236e-01,-4.662199469897309601e-01
-8.641102893740293389e-01,-3.051421739125581567e-01,1.307854179810760339e-02,1.665264235851791619e-01,-6.176890597505563241e-01,-2.781075176805430926e-02,-3.191344214011049840e-01,-5.121943905513718365e-01,1.694838112415447962e-01
4.317064812800847085e-01,6.251949871791586677e-01,-2.231693417271046753e-01,1.018552179153302317e+00,1.953317724481356821e-01,-4.827542322121126661e-01,2.232367227791660080e-01,-1.527891702150745712e-01,2.557457980902433925e-01
1.515800136558560426e-02,-2.906738772792697434e-01,-6.400904569913627995e-01,-2.861460223216068521e-01,-1.273223275616167105e-01,-1.146832094673767122e+00,-6.099670215030693343e-02,4.998592932693509128e-01,3.212906997750020199e-01
-1.384516453276002090e-01,-7.994517396851343882e-01,-1.998125068763826340e-01,-4.985457196037201832e-01,1.701024247214313334e-01,1.959519138219107393e-01,-7.928532714029064010e-01,4.160402553673766546e-01,-5.195582224315649089e-01
-9.818062484881424634e-01,-4.528399637013649781e-01,5.230397941756000924e-01,2.598431638796164789e-01,9.094403688435629407e-01,8.766952965042976720e-01,-1.357502219590875636e-01,1.286990969782075167e+00,4.761308063443062122e-02
-1.408058977474544449e-01,3.589172396715459290e-01,-1.372332092313028051e-01,5.733386523837299409e-01,-4.647525449266688979e-01,-5.918358856423970860e-01,9.972988056798075540e-01,-2.948532416836433523e-01,-6.213289825961135771e-01
