-4.599992310911129049e-08,-1.784224703145503188e+00,-3.356510214597738795e-01,-2.937822499048168266e-07,2.021301587784822829e+00,6.111781075447059175e-01,1.207532568952673161e-07,-2.878218203818515786e+00,-1.475217014045101527e+00,-2.791238217349569534e-07,3.168929077013710405e+00,-1.715195669144213175e+00
-3.764502651647440328e-05,-1.763601909030078296e+00,-3.507670038703405990e-01,-3.800778040635891750e-05,3.133009991630189006e+00,-5.517749594025705973e-01,-3.763818456064600980e-05,-2.463995201136132351e+00,7.186144459528310824e-01,-3.904161704950849526e-05,2.537945247158260198e+00,-7.204863166977684141e-01
-3.022589912930460264e-05,-1.131952160088756321e+00,-6.031712097139947382e-01,-3.021269691069254390e-05,2.153075452133645928e+00,6.730506941916241104e-01,-2.978191248251218939e-05,-3.542093337491888150e+00,9.740993156424265775e-02,-2.980082068836556233e-05,2.701763307400424363e+00,7.680462706034539844e-01
-5.415404336303613367e-05,-1.211103812132935831e+00,1.200556831594282725e-01,-5.353452258187233988e-05,3.127176821757744030e+00,7.864523999627373585e-02,-5.469791992978464642e-05,-3.350548304119263410e+00,3.135248236334546856e-01,-5.517815603302400466e-05,3.922665117742644814e+00,-3.750481421779772173e-01
-1.593579441949767334e-04,-8.331116026702627408e-01,-2.500463057899427466e-01,-1.590870228043586652e-04,2.261701329275825234e+00,-9.979440845286099981e-02,-1.596771315259389533e-04,-2.873814579965456861e+00,9.113094114116639943e-01,-1.589621434995063453e-04,3.047232604282950064e+00,-1.771488187710534623e+00
-2.316331046209435507e-04,9.400022692790266365e-02,-2.779381431872554042e-01,-2.316855164602514658e-04,2.802907320609090203e+00,9.409790630745812345e-02,-2.307125011592594871e-04,-2.403506291081214385e+00,-9.635274834948281963e-01,-2.294626859782209968e-04,1.597274533676745989e+00,2.987700106018693069e-01
-2.231687266068120600e-04,-8.071695773183396039e-01,-3.395918335432900337e-01,-2.231841648202313527e-04,2.404849573244990601e+00,-2.460890898846629649e-01,-2.229252252338932336e-04,-2.556498677014183762e+00,7.197770943519367082e-01,-2.216613767146260506e-04,1.250514410865038117e+00,-3.038234908195538875e+00
-2.176266569393779844e-04,-1.565084053312453261e-01,-5.266281660333451686e-01,-2.174403624260632599e-04,2.145011570636347731e+00,-3.331989368743887847e-01,-2.181722013417011622e-04,-4.435809486295504200e+00,4.564724589073342331e-01,-2.166972521942063979e-04,2.655462456783061587e+00,2.064669096638910295e-03
-2.617582117102511198e-04,-7.317041408116351509e-01,-2.040537042396312617e-01,-2.613513604783735495e-04,1.873980831446535156e+00,-6.891649488450983796e-01,-2.611696804985742717e-04,-3.740978288831322107e+00,3.316828973058163488e-01,-2.608694800715858362e-04,1.402784984858000294e+00,-4.066012644982398561e-01
-3.450821503798246143e-04,-4.309692709402500044e-01,-5.947144883388004732e-01,-3.457239765535212450e-04,1.654746011333638078e+00,-5.370300233562440573e-01,-3.456478939179170439e-04,-3.242705176683772006e+00,-3.190724083425488522e-01,-3.473431384886030296e-04,3.171630097792071279e+00,-7.812211174211958209e-02
-4.634293900966748631e-04,-6.092663624237731890e-01,-1.911906838854434409e-01,-4.632355637288058697e-04,1.518741948558887556e+00,-4.773817127008163075e-01,-4.639078524527613222e-04,-2.371267977875579192e+00,-2.514772729270474683e-01,-4.640436393122586520e-04,4.235186150844659991e+00,1.303875588491367532e+00
-6.635787511558223929e-04,-4.234124322441394361e-01,3.247425945434644357e-01,-6.635862553903667041e-04,9.785166151904323151e-01,-1.285820069626641970e-02,-6.627356640135918494e-04,-3.344372482127213164e+00,1.605183633013913536e-01,-6.637093766326181707e-04,3.179381146439795192e+00,1.865664803482088019e-01
-9.577215129370354307e-04,-9.901935752433592697e-01,4.113815167439065501e-01,-9.583378672590273659e-04,1.235360327239973577e+00,-6.356967450750801163e-01,-9.586978284182280045e-04,-2.416259831549433912e+00,-6.033594639248683889e-01,-9.577387692091969594e-04,1.713177600406893486e+00,6.585926334213051403e-01
-1.215117466835216467e-03,-9.137797232348185972e-01,-5.630700783144023669e-01,-1.214585672388577339e-03,8.794231293270976524e-01,-8.997203865079861362e-01,-1.215452790400522705e-03,-2.863335222667502400e+00,-2.614099017463744623e-02,-1.216760792092949498e-03,2.491253316687625396e+00,-5.385316818244070269e-01
-1.545148202132847447e-03,4.531429787297012179e-01,2.935029713235648985e-01,-1.546229524738732593e-03,9.509516769153872895e-01,-4.937571604501598266e-01,-1.545861808373906162e-03,-1.964235361207307573e+00,1.510057139559184136e-01,-1.546593235340494674e-03,3.183277846284549462e+00,-1.128390531680079079e+00
-1.963280369923814644e-03,-3.008990623272548848e-01,-8.433949022700956144e-01,-1.963382825480039420e-03,1.416814359770155018e+00,-1.967752058608008836e-01,-1.964030825286493948e-03,-2.962292338577205975e+00,-1.769940117171206473e-01,-1.962766479367333925e-03,3.236202798449053120e+00,-1.108690213776932498e-01
-2.398796354421616536e-03,2.935388680165752495e-01,-7.470846433186235647e-01,-2.400231485927445483e-03,5.307064166132804406e-01,-1.133080997159077730e-01,-2.399824747031052089e-03,-2.105114466365886727e+00,-5.995329231600450282e-01,-2.399126543840497498e-03,3.083157423596443625e+00,3.661901567217196174e-01
-2.823721093439744180e-03,-1.443112406595847830e-01,1.616163848755883148e+00,-2.822114399041246360e-03,5.103027102134845006e-01,-7.996766621207118675e-02,-2.822276669581878523e-03,-2.422063944234805088e+00,-1.173486298528860494e-01,-2.821984976758034301e-03,2.854665555239327190e+00,-7.651531098394313002e-01
-3.374204350450609076e-03,2.292910646525375962e-01,1.188749125624961378e+00,-3.374281939072561274e-03,3.724058078018788187e-03,4.092035420252551070e-01,-3.374222713792018619e-03,-1.303979632422554547e+00,-6.236228480871098823e-01,-3.374321162729657445e-03,1.545255472331563462e+00,2.050219233565340193e-01
-3.943071226798662565e-03,8.139991358163771729e-01,-1.544820070041448501e+00,-3.944213320863828795e-03,6.927078286666470408e-01,-5.383377029911462497e-02,-3.943095969886154656e-03,-2.028823549178082608e+00,-6.007075696929575770e-01,-3.942674660130551963e-03,2.437241334829207684e+00,1.362645004681386773e-01
-4.526174750835589879e-03,5.865859157755978770e-02,-1.987989630862348367e+00,-4.527112961736918205e-03,-7.814956098042711297e-01,5.609193631582440887e-01,-4.527267405957191224e-03,-1.306251973197974481e+00,-2.025526977451507227e-01,-4.527400923820992795e-03,2.167717469373859451e+00,2.697940013302901896e-02
-5.159649147372656272e-03,3.471817388098041857e-01,-1.328084058200039941e+00,-5.157972765253707875e-03,-1.259235991274481936e+00,3.178921425135762258e-01,-5.156922529970046562e-03,-1.374598825543794200e+00,-9.080198979583875563e-02,-5.156551755309639155e-03,3.500090465024153552e+00,-8.402115495971136383e-01
-5.781523583118841625e-03,7.514714737465935102e-01,9.389422121812280864e-01,-5.784111433738177085e-03,2.351135317032707339e-01,-4.248612927572542608e-01,-5.784515949299386985e-03,-1.266358820280460984e+00,-6.762426608937692762e-01,-5.784285698065253292e-03,1.939780670613819424e+00,-1.041722659618340430e-01
-6.401445018154319593e-03,-1.261172679569204647e-01,1.084695900499972776e+00,-6.401499542800176933e-03,1.269586018888367418e+00,-7.771258658391497764e-01,-6.401825065746634576e-03,-9.057096594879866513e-01,-6.009873946244905785e-01,-6.401430868770089343e-03,3.545200904296581079e+00,-2.145651973177908622e-01
-7.039088772578917276e-03,-7.265860773240408188e-02,8.122421012802438778e-01,-7.038565576977077326e-03,4.740577870469675492e-01,-2.627458610979802045e-01,-7.039289739817921991e-03,-5.404617482283161634e-01,-1.338859741313301321e-01,-7.039267352506081710e-03,2.940225607751975279e+00,-2.776238122448689838e-01
-7.702435654520355113e-03,4.512658691442485437e-01,6.902926861738508668e-01,-7.701688959314424709e-03,-8.628713394537441683e-01,-6.667024558326188899e-01,-7.701123889471177958e-03,-4.337570013721828710e-01,-4.560710155446018321e-01,-7.701186199219064478e-03,2.271218448135805978e+00,9.829003614169873337e-02
-8.317449328536983405e-03,5.745732217150651966e-01,1.707906154481755312e+00,-8.317757797944523232e-03,3.234495595263973122e-01,1.656586675586805280e-01,-8.317767177315060420e-03,-5.807076095460808052e-01,-7.552012743826174157e-01,-8.317942659666816008e-03,2.460903283090830840e+00,-4.015331986442737255e-01
-8.942222248021543946e-03,-3.073720931459499872e-01,7.222103533721215829e-01,-8.943876674532875645e-03,1.954142015160551082e+00,-7.787213384561780805e-01,-8.942822349052071546e-03,-5.052977143961182582e-01,-7.538092471262503036e-01,-8.943357752137713959e-03,2.246471641596206492e+00,-1.102330254753868810e-01
-9.518517561041051067e-03,-3.536129063463470668e-01,-1.691686274351600572e+00,-9.516918100913807771e-03,9.944514377276515438e-01,7.612219184573310038e-01,-9.518617117088091009e-03,-1.221317087759544728e+00,6.678769371728883186e-01,-9.518569491008467554e-03,1.860915485188543439e+00,-2.666714817729332609e-01
-1.008999729675284611e-02,2.589515669107711471e-02,-1.851220747959993806e+00,-1.009047083525134100e-02,-1.127257942148989001e+00,2.199767751314711528e-01,-1.009183966173769417e-02,-5.939525229562403474e-01,7.140553505795732558e-02,-1.009142806871191934e-02,2.104793650037493080e+00,-4.088548324014106283e-01
-1.063859646657042655e-02,1.437947113710212887e+00,3.353476318436040771e+00,-1.064016392715767118e-02,-2.269883124234889360e-02,-2.407019913578026138e+00,-1.063881679822768246e-02,-1.891076961791578193e-01,-1.770631542874100406e-01,-1.063916500388426001e-02,1.138913314202786298e+00,-3.231579321969371144e-01
-1.117674188116681705e-02,1.252707875155904649e+00,-2.688871786676208409e+00,-1.117574698009757457e-02,-7.579318489834976913e-02,-7.303899478384010546e-01,-1.117563661592280329e-02,7.135011130932488177e-01,-6.273078643966679691e-01,-1.117491096190632513e-02,1.420313339504834405e+00,-3.711737016200573613e-01
-1.173955815174596712e-02,-5.392723090982328715e-01,-9.469126715353265444e-02,-1.173498494008104638e-02,9.146020873270426232e-01,1.567045473725911853e+00,-1.173686928577005392e-02,-7.571850413999259288e-01,-6.189700654014251846e-02,-1.173731340093424162e-02,8.895068170248950912e-01,-4.523407061273642116e-01
-1.233913631029282844e-02,-1.788396607307517483e+00,-1.574056116790709392e-01,-1.233828014120823442e-02,1.031415237360562065e+00,-9.374891285173203581e-01,-1.233745091664688841e-02,9.937573288916110581e-01,-1.500591510407299767e-01,-1.233817091818761869e-02,6.573065003987650368e-01,-5.296473493077147321e-02
-1.297634969503690984e-02,-9.572973449974164772e-01,3.408957858903280513e+00,-1.297892426974857870e-02,-4.362727505729541155e-02,1.936055641612064226e+00,-1.297577695067237552e-02,2.507092846129205244e-01,-4.613760089795321262e-02,-1.297619900534058984e-02,1.453146991000305865e-01,-2.332750332069890020e-01
-1.365166421990900505e-02,-1.309527721423543900e+00,1.925098826220646542e+00,-1.365330911555983143e-02,-1.335020022123414307e+00,-2.750029980787703221e-01,-1.365203471210218490e-02,-1.370768836178992145e-01,-9.971128253469400959e-02,-1.365273612094423418e-02,2.169169165521310783e-01,-6.707120897316338759e-01
-1.426333734137084398e-02,-3.929253085151608538e+00,4.116293958871684033e+00,-1.426308760108623182e-02,-2.046256223038584177e-01,-2.539990907154111799e+00,-1.426489944326331250e-02,-1.390251025742320179e+00,2.501277285078176704e-01,-1.426513380257935122e-02,2.516420105606445579e-01,1.689979308155803717e-01
-1.491183633106255707e-02,2.142329870642266654e-01,-1.877076042790770227e+00,-1.491075166539231056e-02,-8.447841153976417550e-01,-2.466731763996806159e-01,-1.491074617059501631e-02,4.323169186024452548e-01,-1.155181331682946511e-01,-1.491233969195257004e-02,1.707110466075627109e+00,4.851853486094983570e-01
-1.552052773566006336e-02,-2.580727026451310913e+00,-1.728812134256825672e+00,-1.551922790060815752e-02,4.529646414701107293e-01,7.720888318154581209e-02,-1.552021222585929679e-02,-1.367051062221366631e-01,1.007842499081006205e+00,-1.552058621283300757e-02,-1.752920755015626164e-01,5.264424041695308087e-01
-1.612553548061298331e-02,-9.141694922063895445e-01,1.907395811538916020e+00,-1.612682269640979341e-02,6.188694001141337164e-01,-5.938840534168053908e-01,-1.612620574490869832e-02,2.199831940319159518e+00,3.027696855389514496e-01,-1.612535993443067403e-02,9.649894064323261134e-01,-8.539623967559244466e-01
-1.667811070600234286e-02,-6.116744878157933663e-01,1.128274690994979790e-01,-1.667770310017804153e-02,5.181005286583886260e-01,4.928267751191368617e-01,-1.667725391297331106e-02,6.168464746313293001e-02,-7.172655471139375294e-01,-1.667826247860673336e-02,-3.351276688574752471e-01,-7.230091339714319609e-01
-1.728716745689875059e-02,-3.270870815293597245e-02,2.591370370811908241e+00,-1.728695387400084119e-02,1.171915419962095001e-01,2.681066258342927888e-01,-1.728796751470769097e-02,2.244664685985202357e-01,-1.947512948396989074e+00,-1.728860165290944939e-02,-4.939951427978743759e-01,5.814909682858705464e-01
-1.799041648655169690e-02,-1.767681634386848888e+00,-2.233310878793419718e+00,-1.798538228687339424e-02,-2.616882576179845321e-01,-3.007731293493265401e+00,-1.798819772436329595e-02,4.737299484694576512e-01,-8.956702672135876675e-01,-1.799052772561937283e-02,7.340265998231234601e-01,-2.847508784630523593e-01
-1.872069801788516299e-02,4.636122584316025863e-01,3.218374348480062874e+00,-1.872073770206869950e-02,1.771509705931342937e+00,8.721079805959880416e-01,-1.872157890709371872e-02,-1.744479967569323442e+00,2.341892001484961461e-01,-1.872223528368967271e-02,1.149444589270717465e+00,-2.308158149268183523e-01
-1.947243775699451090e-02,1.688662209935829217e-01,1.249593864632758011e+00,-1.946897487634184284e-02,-2.307303801492765594e+00,-4.500736908247816581e-01,-1.947057985879474887e-02,5.172012058925006261e-01,-6.214455706598605300e-02,-1.947088051110777360e-02,-2.897109719118904358e-01,9.776465834651429931e-01
-2.027555690282752468e-02,2.729176229685171595e+00,-1.191256541790242540e+00,-2.027665668758779627e-02,2.736476972420203713e-01,-1.772352019459851880e+00,-2.027623415487229963e-02,-2.236439185559346843e+00,1.198477284477829974e+00,-2.027663634462978717e-02,-1.287920717041730057e-01,-7.328095782657442214e-01
-2.109980686234614461e-02,-2.697687367184261831e+00,-4.047536506712517301e+00,-2.109718019004900441e-02,-2.120097839016195529e+00,-3.544439824973115716e-01,-2.109815235630137578e-02,-9.245552912330854411e-01,-1.100320542080102992e+00,-2.109908110414875776e-02,1.131685538697542626e+00,-1.030175762216261059e+00
-2.194656657737210220e-02,1.031968550410332641e+00,-4.485302284195365807e+00,-2.195311997525711822e-02,3.242357721199353171e-01,1.087870011265823639e-01,-2.195359794268851236e-02,1.722319296288149226e-01,-1.679637206400007132e+00,-2.195360279217283689e-02,7.728826482742038317e-01,-9.491267477765098493e-01
-2.273498398235367784e-02,-5.084410807923870346e-01,-1.128784719486962462e+00,-2.273543261009144251e-02,-3.825404871735209045e-01,-2.019803775863838968e+00,-2.273252605885034763e-02,-7.987423198876333341e-01,-3.050023949152094183e+00,-2.273721203625297949e-02,-9.027125515858587246e-01,6.391000783240496919e-01
-2.351497044427982783e-02,-4.513160688211192983e+00,-1.158642712868037883e+00,-2.351440762788428035e-02,2.378068845788339214e+00,-1.100126085456447633e+00,-2.351393946279813768e-02,2.675648259165214760e-01,3.229195738596514487e-03,-2.351395213705733886e-02,-4.076920559787707288e-01,-6.227825784345070170e-01
-2.431257061610547776e-02,-4.940534841455794801e-01,-1.808676834570678293e+00,-2.431545939368275761e-02,2.595060445924328274e+00,1.015900299681157026e+00,-2.431542457184640224e-02,9.674702279554922013e-01,1.273588126005539500e+00,-2.431312649380918539e-02,1.758840638395658296e+00,1.285902492432992594e-01
-2.512913891021188034e-02,-3.258582832485018788e+00,6.258710671696413042e-02,-2.512942483655115217e-02,3.490914851077503989e-01,-4.630881447909748760e-01,-2.512821668205125064e-02,-6.545705273641091448e-01,2.839345679980962434e-01,-2.512874677302335061e-02,1.069975763378171740e-01,1.401000864295204873e-01
-2.598450822433322205e-02,4.654822946184283161e+00,2.013512909871832957e+00,-2.598766303826018781e-02,-6.690425882855373096e-01,1.137296811799426210e+00,-2.598567267893111751e-02,-1.010370918863959133e+00,-2.369971802864089483e+00,-2.598299219425184367e-02,2.888396614374313942e-02,-4.242810691441964988e-01
-2.679884178546567547e-02,-3.333430791573688962e-02,-9.501058946751262946e-01,-2.679925695752708587e-02,-1.868940966238105794e+00,-2.068060492959941765e+00,-2.679761489544080569e-02,2.965904029757143956e+00,7.214362363653903376e-02,-2.679600623335135282e-02,7.379364615976141684e-01,1.170290960733109564e+00
-2.769444653220136734e-02,-9.222989317597344305e-01,6.837959712254473299e-01,-2.769756161397402688e-02,2.263043000204354893e+00,1.286502704571726330e+00,-2.769616862233139840e-02,-3.810949833119773089e+00,-1.640196911253143597e+00,-2.769459228841736689e-02,3.164278698266871359e+00,5.616833119011910291e-01
-2.866636845418190152e-02,3.699297827005771921e-01,1.226067499721581910e+00,-2.867003604253664031e-02,-1.669880666745991338e+00,1.986885025720351194e+00,-2.866870922440621638e-02,3.635121103041001334e-01,-5.612934852882559555e-01,-2.866765493286871705e-02,-5.760445228974304666e-01,-2.309554359372489318e-01
-2.970153795152724596e-02,-8.799185363889290290e-01,1.488544518827930041e+00,-2.969714501811954871e-02,1.119127645101004376e+00,-8.756689301847513374e-01,-2.969894515841530608e-02,-1.364255338291142428e+00,1.275314408808867483e+00,-2.969970180136393550e-02,1.219653889283588644e+00,1.963723264181538586e-01
-3.084890422135649207e-02,-4.827135750094282973e-02,-5.056455649822970411e-02,-3.084753808247902088e-02,-3.157902415941254759e+00,-2.316660462187761504e-01,-3.084560965133319524e-02,-8.453535331279112830e-01,-1.931059350788950635e-01,-3.084679838020655540e-02,-4.189524956017423030e-01,6.320568514894132628e-01
-3.200566941397244014e-02,-3.050646490726865778e+00,3.457138386570839828e+00,-3.201306019699966948e-02,-1.156621935536879670e-01,2.567338932342050128e+00,-3.200935237255621291e-02,6.205289147380237402e-01,-1.279721272432852608e+00,-3.200754019377572562e-02,1.417304887640693067e+00,2.070073818700856605e-01
-3.325428864212326419e-02,-2.859601656537753556e-01,-1.502399206651388708e+00,-3.324934228110303785e-02,-2.784108608252705785e+00,-7.244312850994534536e-03,-3.325211823462194405e-02,-3.100568211073807312e+00,-1.755428548836280411e+00,-3.325347198611649374e-02,-1.099704336632443269e+00,-1.195639254928766881e+00
